{
  "current": {
    "body_text_color": "#121212",
    "heading_text_color": "#121212",
    "type_header_font": "archivo_narrow_n6",
    "heading_scale": 100,
    "type_body_font": "archivo_narrow_n4",
    "body_scale": 100,
    "page_width": 1440,
    "spacing_grid_horizontal": 30,
    "spacing_grid_vertical": 30,
    "social_twitter_link": "",
    "social_facebook_link": "",
    "social_pinterest_link": "",
    "social_instagram_link": "",
    "social_tiktok_link": "",
    "social_tumblr_link": "",
    "social_snapchat_link": "",
    "social_youtube_link": "",
    "social_vimeo_link": "",
    "sections": {
      "announcement-bar": {
        "type": "announcement-bar",
        "blocks": {
          "8d22bd98-9727-448e-b1aa-08f2cd5403db": {
            "type": "announcement-text",
            "settings": {
              "content": "<p><strong>FREE DELIVERY AND RETURNS FROM $30<\/strong><\/p>",
              "link": "shopify:\/\/pages\/about"
            }
          },
          "efbf7ea7-fe38-4acf-9425-357bd3fe05c1": {
            "type": "announcement-text",
            "settings": {
              "content": "<p><strong>FREE DELIVERY AND RETURNS FROM $30<\/strong><\/p>",
              "link": ""
            }
          },
          "7b8ae462-a8fd-4f4b-9f49-0b213c90a99c": {
            "type": "announcement-text",
            "settings": {
              "content": "<p><strong>FREE DELIVERY AND RETURNS FROM $30<\/strong><\/p>",
              "link": "shopify:\/\/blogs\/fashion"
            }
          },
          "1fdab3db-b93b-41b7-a015-b683495eb6b7": {
            "type": "announcement-text",
            "settings": {
              "content": "<p><strong>FREE DELIVERY AND RETURNS FROM $30<\/strong><\/p>",
              "link": "shopify:\/\/collections"
            }
          }
        },
        "block_order": [
          "8d22bd98-9727-448e-b1aa-08f2cd5403db",
          "efbf7ea7-fe38-4acf-9425-357bd3fe05c1",
          "7b8ae462-a8fd-4f4b-9f49-0b213c90a99c",
          "1fdab3db-b93b-41b7-a015-b683495eb6b7"
        ],
        "settings": {
          "show_announcement_bar": true,
          "announcement_text_color": "#ffffff",
          "announcement_background_color": "#000000"
        }
      },
      "header": {
        "type": "header",
        "settings": {
        }
      }
    },
    "content_for_index": [

    ],
    "blocks": {
      "5294968793578418440": {
        "type": "shopify:\/\/apps\/king-product-options\/blocks\/app-embed\/ce104259-52b1-4720-9ecf-76b34cae0401",
        "disabled": false,
        "settings": {
        }
      }
    }
  },
  "presets": {
    "Default": {
      "type_header_font": "din_next_n5",
      "heading_scale": 100,
      "type_body_font": "open_sans_n4",
      "body_scale": 100,
      "page_width": 1440,
      "spacing_grid_horizontal": 15,
      "spacing_grid_vertical": 15,
      "social_twitter_link": "",
      "social_facebook_link": "",
      "social_pinterest_link": "",
      "social_instagram_link": "",
      "social_tiktok_link": "",
      "social_tumblr_link": "",
      "social_snapchat_link": "",
      "social_youtube_link": "",
      "social_vimeo_link": ""
    }
  }
}
