[
  {
    "name": "theme_info",
    "theme_name": "Dawn",
    "theme_version": "7.0.1",
    "theme_author": "Shopify",
    "theme_documentation_url": "https:\/\/help.shopify.com\/manual\/online-store\/themes",
    "theme_support_url": "https:\/\/support.shopify.com\/"
  },
  {
    "name": "t:settings_schema.colors.name",
    "settings": [
      {
        "type": "header",
        "content": "t:settings_schema.colors.settings.primary_colors.label"
      },
      {
        "type": "color",
        "id": "body_text_color",
        "default": "#121212",
        "label": "t:settings_schema.colors.settings.body_text.label"
      },
      {
        "type": "color",
        "id": "heading_text_color",
        "default": "#121212",
        "label": "t:settings_schema.colors.settings.heading_text.label"
      },
      {
        "type": "color",
        "id": "body_background_color",
        "default": "#ffffff",
        "label": "t:settings_schema.colors.settings.body_background.label"
      },
      {
        "type": "header",
        "content": "t:settings_schema.colors.settings.secondary_colors.label"
      },
      {
        "type": "color",
        "id": "button_text_color",
        "default": "#ffffff",
        "label": "t:settings_schema.colors.settings.button_text.label"
      },
      {
        "type": "color",
        "id": "button_background_color",
        "default": "#121212",
        "label": "t:settings_schema.colors.settings.button_background.label"
      },
      {
        "type": "color",
        "id": "border_colors",
        "default": "#e2e2e2",
        "label": "t:settings_schema.colors.settings.border_colors.label"
      }
    ]
  },
  {
    "name": "t:settings_schema.typography.name",
    "settings": [
      {
        "type": "header",
        "content": "t:settings_schema.typography.settings.header__1.content"
      },
      {
        "type": "font_picker",
        "id": "type_header_font",
        "default": "assistant_n4",
        "label": "t:settings_schema.typography.settings.type_header_font.label",
        "info": "t:settings_schema.typography.settings.type_header_font.info"
      },
      {
        "type": "range",
        "id": "heading_scale",
        "min": 100,
        "max": 150,
        "step": 5,
        "unit": "%",
        "label": "t:settings_schema.typography.settings.heading_scale.label",
        "default": 100
      },
      {
        "type": "header",
        "content": "t:settings_schema.typography.settings.header__2.content"
      },
      {
        "type": "font_picker",
        "id": "type_body_font",
        "default": "assistant_n4",
        "label": "t:settings_schema.typography.settings.type_body_font.label",
        "info": "t:settings_schema.typography.settings.type_body_font.info"
      },
      {
        "type": "range",
        "id": "body_scale",
        "min": 100,
        "max": 130,
        "step": 5,
        "unit": "%",
        "label": "t:settings_schema.typography.settings.body_scale.label",
        "default": 100
      }
    ]
  },
  {
    "name": "t:settings_schema.layout.name",
    "settings": [
      {
        "type": "range",
        "id": "page_width",
        "min": 1000,
        "max": 1600,
        "step": 10,
        "default": 1200,
        "unit": "px",
        "label": "t:settings_schema.layout.settings.page_width.label"
      },
      {
        "type": "header",
        "content": "t:settings_schema.layout.settings.header__grid.content"
      },
      {
        "type": "paragraph",
        "content": "t:settings_schema.layout.settings.paragraph__grid.content"
      },
      {
        "type": "range",
        "id": "spacing_grid_horizontal",
        "min": 4,
        "max": 40,
        "step": 1,
        "default": 10,
        "unit": "px",
        "label": "t:settings_schema.layout.settings.spacing_grid_horizontal.label"
      },
      {
        "type": "range",
        "id": "spacing_grid_vertical",
        "min": 4,
        "max": 40,
        "step": 1,
        "default": 10,
        "unit": "px",
        "label": "t:settings_schema.layout.settings.spacing_grid_vertical.label"
      }
    ]
  },
  {
    "name": "t:settings_schema.social-media.name",
    "settings": [
      {
        "type": "header",
        "content": "t:settings_schema.social-media.settings.header.content"
      },
      {
        "type": "text",
        "id": "social_twitter_link",
        "label": "t:settings_schema.social-media.settings.social_twitter_link.label",
        "info": "t:settings_schema.social-media.settings.social_twitter_link.info"
      },
      {
        "type": "text",
        "id": "social_facebook_link",
        "label": "t:settings_schema.social-media.settings.social_facebook_link.label",
        "info": "t:settings_schema.social-media.settings.social_facebook_link.info"
      },
      {
        "type": "text",
        "id": "social_pinterest_link",
        "label": "t:settings_schema.social-media.settings.social_pinterest_link.label",
        "info": "t:settings_schema.social-media.settings.social_pinterest_link.info"
      },
      {
        "type": "text",
        "id": "social_instagram_link",
        "label": "t:settings_schema.social-media.settings.social_instagram_link.label",
        "info": "t:settings_schema.social-media.settings.social_instagram_link.info"
      },
      {
        "type": "text",
        "id": "social_tiktok_link",
        "label": "t:settings_schema.social-media.settings.social_tiktok_link.label",
        "info": "t:settings_schema.social-media.settings.social_tiktok_link.info"
      },
      {
        "type": "text",
        "id": "social_tumblr_link",
        "label": "t:settings_schema.social-media.settings.social_tumblr_link.label",
        "info": "t:settings_schema.social-media.settings.social_tumblr_link.info"
      },
      {
        "type": "text",
        "id": "social_snapchat_link",
        "label": "t:settings_schema.social-media.settings.social_snapchat_link.label",
        "info": "t:settings_schema.social-media.settings.social_snapchat_link.info"
      },
      {
        "type": "text",
        "id": "social_youtube_link",
        "label": "t:settings_schema.social-media.settings.social_youtube_link.label",
        "info": "t:settings_schema.social-media.settings.social_youtube_link.info"
      },
      {
        "type": "text",
        "id": "social_vimeo_link",
        "label": "t:settings_schema.social-media.settings.social_vimeo_link.label",
        "info": "t:settings_schema.social-media.settings.social_vimeo_link.info"
      }
    ]
  },
  {
    "name": "t:settings_schema.favicon.name",
    "settings": [
      {
        "type": "image_picker",
        "id": "favicon",
        "label": "t:settings_schema.favicon.settings.favicon.label",
        "info": "t:settings_schema.favicon.settings.favicon.info"
      }
    ]
  }
]
