{
  "sections": {
    "banner": {
      "type": "collection-banner",
      "settings": {
      }
    },
    "main": {
      "type": "main-collection-template",
      "settings": {
        "product_per_page": 24
      }
    },
    "2398ec82-58e2-4d15-9ac2-39f81bfd3949": {
      "type": "collection-grid",
      "blocks": {
        "e3e9e6bc-d8b0-4775-a19e-a28859488ab7": {
          "type": "column-section",
          "settings": {
            "image": "shopify:\/\/shop_images\/dresses_320x320_crop_center_ffea3577-19a3-4c5d-ad36-4a98a0a7bfe6.jpg",
            "title": "DRESSES",
            "link": "shopify:\/\/collections\/dresses"
          }
        },
        "ded48538-aa75-496c-aa3e-5c36e0841a7e": {
          "type": "column-section",
          "settings": {
            "image": "shopify:\/\/shop_images\/clothing_320x320_crop_center_110f0038-9ac1-4f3c-9873-c0e71b8e4344.jpg",
            "title": "CLOTHING",
            "link": "shopify:\/\/collections\/tops"
          }
        },
        "5a05383c-8e64-4ead-a34d-1a00cf5a771f": {
          "type": "column-section",
          "settings": {
            "image": "shopify:\/\/shop_images\/denim_320x320_crop_center_829d03c0-e8d4-4ac1-8098-ee13145e4206.jpg",
            "title": "DENIM",
            "link": "shopify:\/\/collections\/rompers-playsuits"
          }
        },
        "4564269a-ecfb-421b-b666-521878fa2d14": {
          "type": "column-section",
          "settings": {
            "image": "shopify:\/\/shop_images\/knitwear_320x320_crop_center_80e34ea5-64b1-433c-98cc-0f683eb10190.jpg",
            "title": "KNITWEAR",
            "link": "shopify:\/\/collections\/new-arrivals"
          }
        },
        "d4991877-0f93-4bdf-9106-f950682a8bf1": {
          "type": "column-section",
          "settings": {
            "image": "shopify:\/\/shop_images\/long_320x320_crop_center_bbafede1-1e76-4207-880f-e92c4b707713.jpg",
            "title": "LONG",
            "link": "shopify:\/\/collections\/sale"
          }
        },
        "9e5ae834-c2b1-4269-96bf-c7916ce5dbc4": {
          "type": "column-section",
          "settings": {
            "image": "shopify:\/\/shop_images\/pants_320x320_crop_center_9aabae5e-f678-4611-aade-3aa6ebdb20e1.jpg",
            "title": "PANTS",
            "link": "shopify:\/\/collections\/jumpsuits"
          }
        }
      },
      "block_order": [
        "e3e9e6bc-d8b0-4775-a19e-a28859488ab7",
        "ded48538-aa75-496c-aa3e-5c36e0841a7e",
        "5a05383c-8e64-4ead-a34d-1a00cf5a771f",
        "4564269a-ecfb-421b-b666-521878fa2d14",
        "d4991877-0f93-4bdf-9106-f950682a8bf1",
        "9e5ae834-c2b1-4269-96bf-c7916ce5dbc4"
      ],
      "settings": {
        "padding_top": 40,
        "padding_bottom": 40,
        "heading": "",
        "bg_color": "",
        "text_color": ""
      }
    },
    "a2497c57-fb2f-4d13-9ace-8f18e9777770": {
      "type": "richtext-section",
      "settings": {
        "padding_top": 40,
        "padding_bottom": 40,
        "section_background": "#ffffff",
        "text_color": "#000000",
        "heading_text": "USE IT TO ADD SEO TEXT",
        "paragraph_text": "<p>Doing collections, doing fashion is like a non-stop dialogue. War taught me that not everything is glamorous. Luxury will be always around, no matter what happens in the world. I don't care about money. I really don't care. I just want to do what I do. I love to design things that people can actually buy. I'm staggered by what a boot costs today.<\/p>",
        "button_text": "",
        "button_link": "",
        "button_text_color": "#ffffff",
        "button_bg_color": "#000000",
        "text_alignment": "center"
      }
    }
  },
  "order": [
    "banner",
    "main",
    "2398ec82-58e2-4d15-9ac2-39f81bfd3949",
    "a2497c57-fb2f-4d13-9ace-8f18e9777770"
  ]
}
