{
  "sections": {
    "57a2a1e1-2f1f-4c3d-9511-a621854d78cd": {
      "type": "slideshow",
      "blocks": {
        "854c1aaa-1963-44ba-87e6-ab084a0afb2f": {
          "type": "slide",
          "settings": {
            "video": "shopify:\/\/files\/videos\/video.mp4",
            "caption": "Express yourself",
            "caption_color": "#ffffff",
            "heading": "Loved for style",
            "font-size": 72,
            "heading_color": "#ffffff",
            "paragraph": "<p>It's hard to be nice if you don't feel comfortable<\/p>",
            "paragraph_color": "#ffffff",
            "button_text_1": "SHOP COLLECTION",
            "button_link_1": "shopify:\/\/collections",
            "button_type_1": "button--white-bordered",
            "button_text_2": "SHOP ALL",
            "button_link_2": "shopify:\/\/collections\/bottoms",
            "button_type_2": "button--white",
            "content_position": "align-center justify-center",
            "text_alignment": "center"
          }
        },
        "b0b0c5a4-edf8-4f40-88f3-4e57a92932a2": {
          "type": "slide",
          "settings": {
            "image": "shopify:\/\/shop_images\/slide2_1_1920x900_crop_center_d5af0182-d4db-4610-8503-76eef116d3b2.jpg",
            "mobile_image": "shopify:\/\/shop_images\/slide-2m_750x800_crop_center_b7bfdcc5-5e5d-44fc-a030-228291ee78bd.jpg",
            "caption": "LIMITED SALE",
            "caption_color": "#ffffff",
            "heading": "SPRING\/ SUMMER 2022",
            "font-size": 72,
            "heading_color": "#ffffff",
            "paragraph": "<p>All the Spring 2022 Ready-to-Wear fashion show coverage in one place<\/p>",
            "paragraph_color": "#ffffff",
            "button_text_1": "SHOP TOPS",
            "button_link_1": "shopify:\/\/collections",
            "button_type_1": "button--white-bordered",
            "button_text_2": "SHOP DENIM",
            "button_link_2": "shopify:\/\/products\/camiseta-pupi-navy-stripes",
            "button_type_2": "button--white",
            "content_position": "align-center justify-center",
            "text_alignment": "center"
          }
        },
        "4a3219de-2209-4f11-96a2-6dc9fd46db95": {
          "type": "slide",
          "settings": {
            "image": "shopify:\/\/shop_images\/slide-03_1920x900_crop_center_de164a84-90e1-4b8d-9e9f-c59396e3d4b1.jpg",
            "mobile_image": "shopify:\/\/shop_images\/slide-03_1920x900_crop_center_1.jpg",
            "caption": "NO.48 5 32",
            "caption_color": "#ffffff",
            "heading": "TIMELESS APPEAL",
            "font-size": 72,
            "heading_color": "#ffffff",
            "paragraph": "<p>Save up to 60% through October 15.<\/p>",
            "paragraph_color": "#ffffff",
            "button_text_1": "SHOP DRESSES",
            "button_link_1": "shopify:\/\/collections",
            "button_type_1": "button--white-bordered",
            "button_text_2": "SHOP SALE",
            "button_link_2": "shopify:\/\/collections\/tops",
            "button_type_2": "button--white",
            "content_position": "align-center justify-center",
            "text_alignment": "center"
          }
        }
      },
      "block_order": [
        "854c1aaa-1963-44ba-87e6-ab084a0afb2f",
        "b0b0c5a4-edf8-4f40-88f3-4e57a92932a2",
        "4a3219de-2209-4f11-96a2-6dc9fd46db95"
      ],
      "settings": {
        "padding_top": 0,
        "padding_bottom": 40
      }
    },
    "main": {
      "type": "main-skeleton",
      "disabled": true,
      "settings": {
      }
    },
    "f3d582b9-b19b-43f8-b70f-bd6eba092490": {
      "type": "product-tabs",
      "blocks": {
        "27678438-6db4-4bf0-a7b9-6f1477e0647a": {
          "type": "collection-tab",
          "settings": {
            "title": "Tab title",
            "collection": "dresses"
          }
        },
        "b08eca60-1c11-48f8-89a7-d49d10766622": {
          "type": "collection-tab",
          "settings": {
            "title": "Tab title",
            "collection": "bottoms"
          }
        }
      },
      "block_order": [
        "27678438-6db4-4bf0-a7b9-6f1477e0647a",
        "b08eca60-1c11-48f8-89a7-d49d10766622"
      ],
      "settings": {
        "padding_top": 40,
        "padding_bottom": 0,
        "section_heading": "NEW ARRIVALS",
        "section_description": "Discover the latest ready-to-wear dresses."
      }
    },
    "870bc8a9-2a8f-45e4-a603-d1d0a4f270c9": {
      "type": "scrolling-section",
      "blocks": {
        "bb42a201-0446-4009-98ef-39e2d6f4c037": {
          "type": "text-section",
          "settings": {
            "image": "shopify:\/\/shop_images\/asterisk_200x200_crop_center_15d0b56c-bc2f-4769-8eba-cc4a65e28e3e.png",
            "text": "Feel Trendy",
            "link": "",
            "outline": false
          }
        },
        "4e4947c5-00f9-48b8-bef7-5ea955957a83": {
          "type": "text-section",
          "settings": {
            "image": "shopify:\/\/shop_images\/asterisk-outline_200x200_crop_center_9a1fd284-7e9e-4751-93bb-d3e658d344bd.png",
            "text": "Feel Trendy",
            "link": "",
            "outline": true
          }
        },
        "a655e4b6-d984-4cf3-9157-a07955c3bcbe": {
          "type": "text-section",
          "settings": {
            "image": "shopify:\/\/shop_images\/asterisk_200x200_crop_center_15d0b56c-bc2f-4769-8eba-cc4a65e28e3e.png",
            "text": "Feel Authentic",
            "link": "shopify:\/\/collections",
            "outline": false
          }
        },
        "a2ed3874-23d2-409a-b0df-63ea9cb8c18d": {
          "type": "text-section",
          "settings": {
            "image": "shopify:\/\/shop_images\/asterisk-outline_200x200_crop_center_9a1fd284-7e9e-4751-93bb-d3e658d344bd.png",
            "text": "Feel Authentic",
            "link": "shopify:\/\/collections",
            "outline": true
          }
        }
      },
      "block_order": [
        "bb42a201-0446-4009-98ef-39e2d6f4c037",
        "4e4947c5-00f9-48b8-bef7-5ea955957a83",
        "a655e4b6-d984-4cf3-9157-a07955c3bcbe",
        "a2ed3874-23d2-409a-b0df-63ea9cb8c18d"
      ],
      "settings": {
        "padding_top": 0,
        "padding_bottom": 40,
        "height": "300px",
        "direction": "left",
        "text_size": 95,
        "font_style": "scrolling-text-uppercase--false",
        "bg_color": "",
        "text_color": "#121212",
        "overlay_color": "",
        "opacity": 0
      }
    },
    "7cbf3ee5-ccac-4ee5-981d-cc8854615bad": {
      "type": "gallery",
      "blocks": {
        "6fc4b338-1fb4-433b-8cd9-b00d92ff1693": {
          "type": "image-item",
          "settings": {
            "image": "shopify:\/\/shop_images\/gallery01_750x_crop_center_8d4767d7-ce65-4f4e-90cc-a50af9274bf0.jpg",
            "heading_text": "BUY NOW OR CRY LATER",
            "heading_text_color": "#ffffff",
            "paragraph_text": "<p>These stocks won't last forever.<\/p>",
            "paragraph_text_color": "#ffffff",
            "button_text": "EXPLORE",
            "button_link": "shopify:\/\/collections",
            "button_text_color": "#111111",
            "button_background_color": "#ffffff",
            "text_position": "align-end justify-start"
          }
        },
        "d60ace4c-43a3-4b77-8bb5-ee73b14ac77c": {
          "type": "image-item",
          "settings": {
            "image": "shopify:\/\/shop_images\/gallery02_750x_crop_center_9decc217-3045-4f1c-8559-cd9123309c0c.jpg",
            "heading_text": "BE FREE. BE BEAUTIFUL.",
            "heading_text_color": "#ffffff",
            "paragraph_text": "<p>Express your wild side with these shirts.<\/p>",
            "paragraph_text_color": "#ffffff",
            "button_text": "EXPLORE",
            "button_link": "shopify:\/\/collections",
            "button_text_color": "#111111",
            "button_background_color": "#ffffff",
            "text_position": "align-start justify-start"
          }
        }
      },
      "block_order": [
        "6fc4b338-1fb4-433b-8cd9-b00d92ff1693",
        "d60ace4c-43a3-4b77-8bb5-ee73b14ac77c"
      ],
      "settings": {
        "padding_top": 40,
        "padding_bottom": 40
      }
    },
    "ecd05001-9596-45ba-8ee8-48101710fd1d": {
      "type": "featured-collection-list",
      "blocks": {
        "097f6930-b93a-4e17-8cb2-6b27e796b360": {
          "type": "collection-list",
          "settings": {
            "collection_id": "sale",
            "image": "shopify:\/\/shop_images\/main-c1_1920x800_crop_center_0706245a-2c8b-42c3-81b6-b8c875658311.jpg"
          }
        },
        "afdcbf53-6405-45d6-afcb-d2f07a0c2533": {
          "type": "collection-list",
          "settings": {
            "collection_id": "dresses",
            "image": "shopify:\/\/shop_images\/main-c3_1920x800_crop_center_d9a76350-6176-497b-bae9-e3ba58581d5d.jpg"
          }
        },
        "ce76118a-2546-4cab-b774-5e04d8610639": {
          "type": "collection-list",
          "settings": {
            "collection_id": "new-arrivals",
            "image": "shopify:\/\/shop_images\/main-c4_1920x800_crop_center_37cd3b3d-f318-47f8-8041-f81ef6d4de42.jpg"
          }
        },
        "daee0b17-011e-4c80-b44c-600ff30dc058": {
          "type": "collection-list",
          "settings": {
            "collection_id": "skirts",
            "image": "shopify:\/\/shop_images\/main-c1_1920x800_crop_center_44ddc463-1c04-49f2-80ab-fd8f4b590a29.jpg"
          }
        }
      },
      "block_order": [
        "097f6930-b93a-4e17-8cb2-6b27e796b360",
        "afdcbf53-6405-45d6-afcb-d2f07a0c2533",
        "ce76118a-2546-4cab-b774-5e04d8610639",
        "daee0b17-011e-4c80-b44c-600ff30dc058"
      ],
      "settings": {
        "padding_top": 40,
        "padding_bottom": 40,
        "text-color": "",
        "overlay-color": ""
      }
    },
    "2e1929f5-3e9d-4eb7-b152-79481c147df2": {
      "type": "featured-collection",
      "settings": {
        "heading_text": "NEW IN DRESSES & JUMPSUITS",
        "paragraph_text": "Best dresses for the upcoming fall season",
        "button_text": "Shop Jumpsuits",
        "button_link": "shopify:\/\/collections\/all",
        "collection_id": "jumpsuits",
        "product_limit": 8,
        "padding_top": 70,
        "padding_bottom": 40
      }
    },
    "c2264f67-31d4-4b2d-936c-1af3fe6575ad": {
      "type": "shop-the-look",
      "blocks": {
        "de47b963-4d88-40c8-9164-1ecdac48e821": {
          "type": "product-section",
          "settings": {
            "product": "camiseta-pupi-navy-stripes",
            "horizantal": 39,
            "vertical": 29,
            "mobile_horizantal": 49,
            "mobile_vertical": 15
          }
        },
        "5adc526a-4e43-423f-bb99-89d5bb25b363": {
          "type": "product-section",
          "settings": {
            "product": "southern-floral-layered-top",
            "horizantal": 64,
            "vertical": 29,
            "mobile_horizantal": 57,
            "mobile_vertical": 37
          }
        },
        "4db472af-af19-4265-b3a4-f200e7ed7db2": {
          "type": "product-section",
          "settings": {
            "product": "elsa-aop-9710-top-whitecap-st",
            "horizantal": 23,
            "vertical": 52,
            "mobile_horizantal": 25,
            "mobile_vertical": 55
          }
        }
      },
      "block_order": [
        "de47b963-4d88-40c8-9164-1ecdac48e821",
        "5adc526a-4e43-423f-bb99-89d5bb25b363",
        "4db472af-af19-4265-b3a4-f200e7ed7db2"
      ],
      "settings": {
        "image": "shopify:\/\/shop_images\/shop-the-look_1920x800_crop_center_da79983a-f8f8-41cc-884b-c913c4760d72.jpg",
        "mobile_image": "shopify:\/\/shop_images\/lookmobile_750x800_crop_center_ab8900a5-441c-4d64-b664-030c9bb72b04.jpg",
        "padding_top": 40,
        "padding_bottom": 0
      }
    },
    "5a94716d-91fe-4820-aa46-650eabf38aa7": {
      "type": "countdown-banner",
      "settings": {
        "bg_color": "#e22120",
        "text_color": "#ffffff",
        "heading": "SALE",
        "button_text": "SHOP NOW",
        "button_url": "",
        "start_year": 2023,
        "start_month": 11,
        "start_day": 0,
        "hours": 17,
        "minutes": 24,
        "padding_top": 0,
        "padding_bottom": 40
      }
    },
    "0da5d6f1-aede-45f3-85ae-c8a82087c9e5": {
      "type": "blog-posts",
      "settings": {
        "padding_top": 40,
        "padding_bottom": 40,
        "heading": "Latest News",
        "subheading": "Latest news from Reformation!",
        "blog": "latest-news"
      }
    },
    "b56d4588-1b85-4345-8f59-6da3bac39fe8": {
      "type": "testimonial",
      "blocks": {
        "9cb6ffae-dbe7-4e98-82b2-2e30907edc7c": {
          "type": "testimonial-content",
          "settings": {
            "review_stars": "none",
            "paragraph_text": "<p>“Think big and start small. Ignore the naysayers and don’t ever settle at any level.”<\/p>",
            "author_name": ""
          }
        },
        "65f60194-a7dc-487d-a932-56e679d5e9e9": {
          "type": "testimonial-content",
          "settings": {
            "review_stars": "none",
            "paragraph_text": "<p>“Fashion is what you're offered four times a year by designers. And style is what you choose.”<\/p>",
            "author_name": ""
          }
        },
        "1fcc18a0-baec-495a-8f3f-54e38ac8aed9": {
          "type": "testimonial-content",
          "settings": {
            "review_stars": "none",
            "paragraph_text": "<p>“The dress must follow the body of a woman, not the body following the shape of the dress.”<\/p>",
            "author_name": ""
          }
        }
      },
      "block_order": [
        "9cb6ffae-dbe7-4e98-82b2-2e30907edc7c",
        "65f60194-a7dc-487d-a932-56e679d5e9e9",
        "1fcc18a0-baec-495a-8f3f-54e38ac8aed9"
      ],
      "settings": {
        "padding_top": 40,
        "padding_bottom": 40,
        "bg_color": "#ffffff",
        "text_color": "#151515",
        "heading": "IN THE PRESS"
      }
    },
    "5ab78526-eeef-4b79-9326-03bf5b9f3ff8": {
      "type": "text-with-icons",
      "blocks": {
        "79537c1d-e19a-403e-9fad-9f4aa5b4def3": {
          "type": "text-section",
          "settings": {
            "image": "shopify:\/\/shop_images\/iconbox1.png",
            "heading": "Customer Support",
            "subheading": "Mon - Sat, 10am - 9pm"
          }
        },
        "2fc57c49-4123-4ee4-a573-367ae8596179": {
          "type": "text-section",
          "settings": {
            "image": "shopify:\/\/shop_images\/iconbox2.png",
            "heading": "Easy Returns",
            "subheading": "Returns extended to 60 days"
          }
        },
        "185f2ff3-9ac5-460b-913d-3a307b48ce06": {
          "type": "text-section",
          "settings": {
            "image": "shopify:\/\/shop_images\/iconbox3.png",
            "heading": "Gift Package",
            "subheading": "Free packaging over $100"
          }
        },
        "19a0c9c7-e68e-43d9-babd-eb8182d5b6b4": {
          "type": "text-section",
          "settings": {
            "image": "shopify:\/\/shop_images\/iconbox4.png",
            "heading": "One-year Warranty",
            "subheading": "No questions asked"
          }
        }
      },
      "block_order": [
        "79537c1d-e19a-403e-9fad-9f4aa5b4def3",
        "2fc57c49-4123-4ee4-a573-367ae8596179",
        "185f2ff3-9ac5-460b-913d-3a307b48ce06",
        "19a0c9c7-e68e-43d9-babd-eb8182d5b6b4"
      ],
      "settings": {
        "padding_top": 40,
        "padding_bottom": 40
      }
    }
  },
  "order": [
    "57a2a1e1-2f1f-4c3d-9511-a621854d78cd",
    "main",
    "f3d582b9-b19b-43f8-b70f-bd6eba092490",
    "870bc8a9-2a8f-45e4-a603-d1d0a4f270c9",
    "7cbf3ee5-ccac-4ee5-981d-cc8854615bad",
    "ecd05001-9596-45ba-8ee8-48101710fd1d",
    "2e1929f5-3e9d-4eb7-b152-79481c147df2",
    "c2264f67-31d4-4b2d-936c-1af3fe6575ad",
    "5a94716d-91fe-4820-aa46-650eabf38aa7",
    "0da5d6f1-aede-45f3-85ae-c8a82087c9e5",
    "b56d4588-1b85-4345-8f59-6da3bac39fe8",
    "5ab78526-eeef-4b79-9326-03bf5b9f3ff8"
  ]
}
