{
  "sections": {
    "main": {
      "type": "about",
      "settings": {
      }
    },
    "d819d88f-119f-44c5-8e3d-0a330f34c250": {
      "type": "slideshow",
      "blocks": {
        "b0451bf7-256a-4035-b8cf-40be89150a66": {
          "type": "slide",
          "settings": {
            "image": "shopify:\/\/shop_images\/a1_1_1920x740_crop_center_3867a37c-876f-4919-a874-b84fc5e429fa.jpg",
            "caption": "",
            "caption_color": "#ffffff",
            "heading": "OUR STORY",
            "font-size": 72,
            "heading_color": "#ffffff",
            "paragraph": "<p>Our Generation are looking to create a clothing brand that is massively focused on being sustainable and ethical.<\/p>",
            "paragraph_color": "#ffffff",
            "button_text_1": "",
            "button_link_1": "",
            "button_type_1": "button--white-bordered",
            "button_text_2": "",
            "button_link_2": "",
            "button_type_2": "button--white-bordered",
            "content_position": "align-center justify-center",
            "text_alignment": "center"
          }
        }
      },
      "block_order": [
        "b0451bf7-256a-4035-b8cf-40be89150a66"
      ],
      "settings": {
        "padding_top": 40,
        "padding_bottom": 40
      }
    },
    "a38e254b-90ff-4b2b-9fcb-d0ca3db2d4ca": {
      "type": "richtext-section",
      "settings": {
        "padding_top": 0,
        "padding_bottom": 0,
        "section_background": "#ffffff",
        "text_color": "#000000",
        "heading_text": "",
        "paragraph_text": "<p>Establishing our first tailoring shop in London in 1910, we’ve been shaping the fashion industry since our humble beginnings. Today, we focus on curating the best collections of 0–16 kids clothing, from classic Stone Island Junior and Moncler staples to statement pieces from Gucci, Kenzo and Burberry. Home to the freshest drops and exclusives.<\/p>",
        "button_text": "",
        "button_link": "",
        "button_text_color": "#ffffff",
        "button_bg_color": "#000000",
        "text_alignment": "center"
      }
    },
    "45041b07-bb35-4aae-b5f2-795f10b80e96": {
      "type": "collection-grid",
      "blocks": {
        "55d74b9f-c406-4ea6-afc9-9b5b44ca53af": {
          "type": "column-section",
          "settings": {
            "image": "shopify:\/\/shop_images\/a2_1_640x351_crop_center_db6951fe-3005-406b-addd-54d95a942bfc.jpg",
            "title": "",
            "link": ""
          }
        },
        "6bdd5e59-88f7-47ce-96de-b7ee0ca72212": {
          "type": "column-section",
          "settings": {
            "image": "shopify:\/\/shop_images\/a3_1_856x1032_crop_center_f7d58c86-51d6-4837-b1da-1c1f86d113df.jpg",
            "title": "",
            "link": ""
          }
        },
        "4eb87479-1b5d-45c5-9861-d619877503a8": {
          "type": "column-section",
          "settings": {
            "image": "shopify:\/\/shop_images\/img6_856x856_crop_center_a6b64c0e-9837-4193-ae1d-c5c06b7a1633.jpg",
            "title": "",
            "link": ""
          }
        }
      },
      "block_order": [
        "55d74b9f-c406-4ea6-afc9-9b5b44ca53af",
        "6bdd5e59-88f7-47ce-96de-b7ee0ca72212",
        "4eb87479-1b5d-45c5-9861-d619877503a8"
      ],
      "settings": {
        "padding_top": 40,
        "padding_bottom": 40,
        "heading": "",
        "bg_color": "",
        "text_color": ""
      }
    },
    "bb47c50c-984f-4243-a5f9-60624325339b": {
      "type": "slideshow",
      "blocks": {
        "ab846958-29d9-4cdd-afd1-195d2149e251": {
          "type": "slide",
          "settings": {
            "image": "shopify:\/\/shop_images\/a06_1920x800_crop_center_df72097a-188a-4ad0-93b7-8d6c9b782496.jpg",
            "caption": "ECO-FRIENDLY",
            "caption_color": "#ffffff",
            "heading": "SUSTAINABLE CLOTHING",
            "font-size": 52,
            "heading_color": "#ffffff",
            "paragraph": "<p>There are only three things I can do - make a dress, decorate a house, and entertain people. You have to stay true to your heritage; that's what your brand is about. Clothes mean nothing until someone lives in them. If you cut a painter's hands off.<\/p>",
            "paragraph_color": "#ffffff",
            "button_text_1": "LEARN MORE",
            "button_link_1": "",
            "button_type_1": "button--white-bordered",
            "button_text_2": "SHOP ALL",
            "button_link_2": "",
            "button_type_2": "button--white-bordered",
            "content_position": "align-center justify-center",
            "text_alignment": "center"
          }
        }
      },
      "block_order": [
        "ab846958-29d9-4cdd-afd1-195d2149e251"
      ],
      "settings": {
        "padding_top": 40,
        "padding_bottom": 40
      }
    },
    "a7178917-cc4a-4940-a265-301af1a90994": {
      "type": "scrolling-section",
      "blocks": {
        "95534e34-571c-4694-a89d-0d0ef53b19fd": {
          "type": "text-section",
          "settings": {
            "image": "shopify:\/\/shop_images\/a10_400x400_crop_center_04004737-70f9-4aaa-8576-19f108eec25e.jpg",
            "text": "ICONIC GOODS",
            "link": "shopify:\/\/collections\/bottoms",
            "outline": false
          }
        },
        "a509618a-9937-4348-bab9-2469695d7f1b": {
          "type": "text-section",
          "settings": {
            "image": "shopify:\/\/shop_images\/a11_400x400_crop_center_33cd8444-90a2-4318-a4c1-63d17c6e12ed.jpg",
            "text": "READY TO WEAR",
            "link": "shopify:\/\/collections\/dresses",
            "outline": true
          }
        },
        "9e951f11-1aae-4295-a491-f05a4b1a8c32": {
          "type": "text-section",
          "settings": {
            "image": "shopify:\/\/shop_images\/a12_400x400_crop_center_2c857f57-c401-4b3a-bd70-ee0101ccecb7.jpg",
            "text": "HAUTE COUTURE",
            "link": "shopify:\/\/collections\/bottoms",
            "outline": false
          }
        },
        "907265b8-5789-46eb-9367-32f59a3cbcc8": {
          "type": "text-section",
          "settings": {
            "image": "shopify:\/\/shop_images\/a09_400x400_crop_center_25b40beb-b818-4d12-b070-1e464e8ff76d.jpg",
            "text": "SUMMER EDIT",
            "link": "shopify:\/\/collections\/new-arrivals",
            "outline": true
          }
        }
      },
      "block_order": [
        "95534e34-571c-4694-a89d-0d0ef53b19fd",
        "a509618a-9937-4348-bab9-2469695d7f1b",
        "9e951f11-1aae-4295-a491-f05a4b1a8c32",
        "907265b8-5789-46eb-9367-32f59a3cbcc8"
      ],
      "settings": {
        "padding_top": 40,
        "padding_bottom": 40,
        "height": "300px",
        "direction": "left",
        "text_size": 70,
        "font_style": "scrolling-text-uppercase--false",
        "bg_color": "",
        "text_color": "",
        "overlay_color": "",
        "opacity": 0
      }
    },
    "c3cb4f80-289d-48b7-b66a-5ecac3e06cff": {
      "type": "richtext-section",
      "settings": {
        "padding_top": 40,
        "padding_bottom": 40,
        "section_background": "#ffffff",
        "text_color": "#000000",
        "heading_text": "LUXURY MATERIALS",
        "paragraph_text": "<p>We understand that creating your custom size can feel daunting. But not to worry, it's actually quite easy and completely risk-free. If you're not 100% happy with your fit, we'll remake your first shirt from scratch free of charge or give your money back.<\/p>",
        "button_text": "",
        "button_link": "",
        "button_text_color": "#ffffff",
        "button_bg_color": "#000000",
        "text_alignment": "center"
      }
    },
    "b9a793a3-e440-4044-bff4-5fec3f154554": {
      "type": "icon-with-text",
      "blocks": {
        "d1877c6e-57fb-4dee-b839-a7ee40289256": {
          "type": "icon-with-text",
          "settings": {
            "icon": "shopify:\/\/shop_images\/a-icon01.png",
            "text": "RESPONSIBLE MATERIALS"
          }
        },
        "5126a7e6-e4ce-4b55-b004-2d14d4785972": {
          "type": "icon-with-text",
          "settings": {
            "icon": "shopify:\/\/shop_images\/a-icon02.png",
            "text": "LUXURY-GRADE MATERIALS"
          }
        },
        "e4cb8eb1-315b-45de-b454-abf49e196d64": {
          "type": "icon-with-text",
          "settings": {
            "icon": "shopify:\/\/shop_images\/a-icon03.png",
            "text": "LIGHTWEIGHT CLOTH"
          }
        },
        "fbf71a06-e791-4420-ace4-862282c64d00": {
          "type": "icon-with-text",
          "settings": {
            "icon": "shopify:\/\/shop_images\/a-icon04.png",
            "text": "WORLD CLASS CRAFTING"
          }
        }
      },
      "block_order": [
        "d1877c6e-57fb-4dee-b839-a7ee40289256",
        "5126a7e6-e4ce-4b55-b004-2d14d4785972",
        "e4cb8eb1-315b-45de-b454-abf49e196d64",
        "fbf71a06-e791-4420-ace4-862282c64d00"
      ],
      "settings": {
        "padding_top": 40,
        "padding_bottom": 40
      }
    },
    "33905512-945a-4469-b8dc-7962295a6fc1": {
      "type": "collection-grid",
      "blocks": {
        "98b9dbe0-b507-444f-b6fc-f24b43fa70bf": {
          "type": "column-section",
          "settings": {
            "image": "shopify:\/\/shop_images\/a07_750x_crop_center_3cc07a7e-8807-409e-8b77-c036639ccc6a.jpg",
            "title": "",
            "link": ""
          }
        },
        "5fa1d0ec-c5b6-44ea-a9da-68a4f71ac0d3": {
          "type": "column-section",
          "settings": {
            "image": "shopify:\/\/shop_images\/a08_750x_crop_center_ba30492a-03e8-426c-a7c1-018e79a66194.jpg",
            "title": "",
            "link": ""
          }
        }
      },
      "block_order": [
        "98b9dbe0-b507-444f-b6fc-f24b43fa70bf",
        "5fa1d0ec-c5b6-44ea-a9da-68a4f71ac0d3"
      ],
      "settings": {
        "padding_top": 40,
        "padding_bottom": 40,
        "heading": "",
        "bg_color": "",
        "text_color": ""
      }
    }
  },
  "order": [
    "main",
    "d819d88f-119f-44c5-8e3d-0a330f34c250",
    "a38e254b-90ff-4b2b-9fcb-d0ca3db2d4ca",
    "45041b07-bb35-4aae-b5f2-795f10b80e96",
    "bb47c50c-984f-4243-a5f9-60624325339b",
    "a7178917-cc4a-4940-a265-301af1a90994",
    "c3cb4f80-289d-48b7-b66a-5ecac3e06cff",
    "b9a793a3-e440-4044-bff4-5fec3f154554",
    "33905512-945a-4469-b8dc-7962295a6fc1"
  ]
}
