{
  "sections": {
    "main": {
      "type": "marmeto-product-template",
      "blocks": {
        "08c64266-5a39-4c8c-98d5-ee8e15de1adf": {
          "type": "badge",
          "settings": {
          }
        },
        "0a70bf97-87ec-44ec-b7a6-60c75b7e170c": {
          "type": "vendor",
          "settings": {
          }
        },
        "c5941aa2-fc79-4a49-bcc1-d4a00fa19134": {
          "type": "title",
          "settings": {
          }
        },
        "9e1bb30a-bc32-455d-ae0f-c201c7614d5f": {
          "type": "price",
          "settings": {
          }
        },
        "7de74f69-20c8-4f38-a145-0f8d76f419de": {
          "type": "description",
          "settings": {
          }
        },
        "d2af0ae5-cdaf-4545-854e-fea82eeab216": {
          "type": "variant_picker",
          "settings": {
          }
        },
        "bff4f229-0395-4dff-bfa5-9b7efdf6e279": {
          "type": "product_swatches",
          "settings": {
            "product_swatches_text": "You May Also Like"
          }
        },
        "100450b7-abf1-42ed-9ebb-a03d74be9641": {
          "type": "quantity_selector",
          "settings": {
          }
        },
        "8d68aef0-0312-4092-9017-6d3ec77ddb8b": {
          "type": "pincode",
          "settings": {
          }
        },
        "89a865f8-7112-4a46-84ec-d74b8376528f": {
          "type": "buy_buttons",
          "settings": {
            "show_dynamic_checkout": true
          }
        }
      },
      "block_order": [
        "08c64266-5a39-4c8c-98d5-ee8e15de1adf",
        "0a70bf97-87ec-44ec-b7a6-60c75b7e170c",
        "c5941aa2-fc79-4a49-bcc1-d4a00fa19134",
        "9e1bb30a-bc32-455d-ae0f-c201c7614d5f",
        "7de74f69-20c8-4f38-a145-0f8d76f419de",
        "d2af0ae5-cdaf-4545-854e-fea82eeab216",
        "bff4f229-0395-4dff-bfa5-9b7efdf6e279",
        "100450b7-abf1-42ed-9ebb-a03d74be9641",
        "8d68aef0-0312-4092-9017-6d3ec77ddb8b",
        "89a865f8-7112-4a46-84ec-d74b8376528f"
      ],
      "settings": {
      }
    },
    "product-upsell": {
      "type": "marmeto-upsell",
      "disabled": true,
      "settings": {
        "enable_product_upselling": true,
        "title": "Upsell Products"
      }
    },
    "5b6bef06-57cf-4acc-afd1-f8303f9bd2d3": {
      "type": "richtext-section",
      "settings": {
        "padding_top": 40,
        "padding_bottom": 40,
        "section_background": "#fcf0e6",
        "text_color": "#e46346",
        "heading_text": "THE PERFECT FIT OR YOUR MONEY BACK",
        "paragraph_text": "<p>We understand that creating your custom size can feel daunting. But not to worry, it's actually quite easy and completely risk-free. If you're not 100% happy with your fit, we'll remake your first shirt from scratch free of charge or give your money back.<\/p>",
        "button_text": "CREATE YOUR DESIGN",
        "button_link": "shopify:\/\/collections",
        "button_text_color": "#e46346",
        "button_bg_color": "#fcf0e6",
        "text_alignment": "text-center"
      }
    },
    "49a3a530-8e2a-459a-9a53-2b386e4f3732": {
      "type": "multi-column-slider",
      "blocks": {
        "a3072194-1f55-4795-9da0-28ec68b74a56": {
          "type": "column-section",
          "settings": {
            "image": "shopify:\/\/shop_images\/mc1_407x_crop_center_32457426-2652-4c77-a5dd-4864f71cdc2d.jpg",
            "heading": "TAB FRONT WITH BUTTON",
            "subheading": "Fashion to me has become very disposable; I wanted to get back to craft, to clothes that could last."
          }
        },
        "dd291880-5a24-4184-a3de-032f33e9dc9b": {
          "type": "column-section",
          "settings": {
            "image": "shopify:\/\/shop_images\/mc2_407x_crop_center_3655dc94-77ba-4f8d-a577-6e298b593755.jpg",
            "heading": "CARBON FOOTPRINT",
            "subheading": "Never in the history of the world have women been more in control of their destiny."
          }
        },
        "8af2ce22-783c-4340-8b91-53bb49f992ff": {
          "type": "column-section",
          "settings": {
            "image": "shopify:\/\/shop_images\/mc3_407x_crop_center_480e42bb-18dd-4076-b99d-70b373bb5f1e.jpg",
            "heading": "PROVENANCE JOURNEY",
            "subheading": "Fashion to me has become very disposable; I wanted to get back to craft, to clothes that could last."
          }
        },
        "12505001-46d1-40ee-8cc8-6c2093f3a024": {
          "type": "column-section",
          "settings": {
            "image": "shopify:\/\/shop_images\/mc4_407x_crop_center_cfae5e91-c893-4a76-8c18-022771b81160.jpg",
            "heading": "MADE IN PORTUGAL",
            "subheading": "Never in the history of the world have women been more in control of their destiny."
          }
        },
        "9b90538f-0661-410a-b195-c119d0efc87c": {
          "type": "column-section",
          "settings": {
            "image": "shopify:\/\/shop_images\/mc5_407x_crop_center_dea8b394-3d61-4c90-b392-a88482e2ad04.jpg",
            "heading": "BRITISH WOOL FABRICS",
            "subheading": "Pair text with an image to focus on your chosen product, collection, or blog post."
          }
        }
      },
      "block_order": [
        "a3072194-1f55-4795-9da0-28ec68b74a56",
        "dd291880-5a24-4184-a3de-032f33e9dc9b",
        "8af2ce22-783c-4340-8b91-53bb49f992ff",
        "12505001-46d1-40ee-8cc8-6c2093f3a024",
        "9b90538f-0661-410a-b195-c119d0efc87c"
      ],
      "settings": {
        "padding_top": 40,
        "padding_bottom": 40,
        "heading": "PRODUCT FEATURES",
        "bg_color": "",
        "text_color": ""
      }
    },
    "d4e2f5bb-63d8-44eb-93a2-e1a7ff0ddd47": {
      "type": "slideshow",
      "blocks": {
        "3f060892-66e4-46a2-974c-357b09a6547c": {
          "type": "slide",
          "settings": {
            "video": "shopify:\/\/files\/videos\/e4dad12c0c6a4cf38010ea2a42f0074f.HD-1080p-3.3Mbps-10316106.mp4",
            "caption": "SPRING FALL 2022",
            "caption_color": "#ffffff",
            "heading": "ALEXANDRE VAUTHIER 22 HAUT COUTURE",
            "font-size": 52,
            "heading_color": "#ffffff",
            "paragraph": "",
            "paragraph_color": "#ffffff",
            "button_text_1": "",
            "button_link_1": "",
            "button_type_1": "button--white-bordered",
            "button_text_2": "",
            "button_link_2": "",
            "button_type_2": "button--white-bordered",
            "content_position": "align-center justify-center",
            "text_alignment": "center"
          }
        }
      },
      "block_order": [
        "3f060892-66e4-46a2-974c-357b09a6547c"
      ],
      "settings": {
        "padding_top": 40,
        "padding_bottom": 40
      }
    },
    "6ddf5a19-7beb-4663-9194-d6df9e94d6d7": {
      "type": "collapsible-text",
      "blocks": {
        "03a78f93-1a79-430b-9e75-fc9ae8be1f3d": {
          "type": "text",
          "settings": {
            "heading_text": "WHAT PAYMENT METHODS CAN I USE?",
            "paragraph": "<p>We offer 35 different payment methods including major providers like Mastercard, Visa, PayPal, American Express and Diners as well as many different local payment methods including Klarna, iDEAL, AliPay, Sofort, giropay, and many more.<\/p>"
          }
        },
        "e07a607e-14df-41f6-ae3e-1dc4b0e6c0ef": {
          "type": "text",
          "settings": {
            "heading_text": "CAN I PURCHASE ITEMS WITH ANOTHER CURRENCY?",
            "paragraph": "<p>Yes, you may select a currency based on your personal preference. When you select your country in the country selector on the upper right of the website or are taken directly to your country’s version of the website, you will see prices listed in the regional currency.<\/p>"
          }
        },
        "117fe976-b2a1-44f3-bb19-b825c6258115": {
          "type": "text",
          "settings": {
            "heading_text": "CAN I MAKE CHANGES TO MY ORDER AFTER IT’S BEEN PLACED?",
            "paragraph": "<p>We do everything we can to fulfill orders quickly and unfortunately cannot make updates after an order has been placed. These changes include removing or adding products and\/or changing the delivery address. If a mistake has been made with your order information, it’s quickest to create a new order with the correct information and then let our Customer Service.<\/p>"
          }
        },
        "e75efcfc-d8ee-4821-9d43-fbc63f509c71": {
          "type": "text",
          "settings": {
            "heading_text": "DO YOU OFFER E-GIFT CARDS FOR INTERNATIONAL CUSTOMERS?",
            "paragraph": "<p>E-gift cards are only available to customers shipping within the U.S.<\/p>"
          }
        },
        "b44ae703-38a3-40fb-9abf-5707e4d60a4d": {
          "type": "text",
          "settings": {
            "heading_text": "HOW DO I SET UP A SUBSCRIPTION ORDER?",
            "paragraph": "<p>We will deliver products to you as soon as reasonably possible. Orders are usually dispatched between 1-3 days from the date of the order being placed. Please contact us our customer service team if your delivery has not been received within the dates described.<\/p>"
          }
        },
        "05538bbd-905f-4f62-a841-95688aa2d921": {
          "type": "text",
          "settings": {
            "heading_text": "HOW TO RETURN MY ITEMS?",
            "paragraph": "<p>We do not currently offer free returns to overseas customers. You will therefore need to cover all costs of returning any items to us yourself. We advise that you mark your package ‘returned goods’ to avoid further duties. Remember: We strongly recommend that you return any items via a registered trackable service and obtain and retain proof of posting as we do not accept responsibility for items that fail to arrive with us.<\/p>"
          }
        }
      },
      "block_order": [
        "03a78f93-1a79-430b-9e75-fc9ae8be1f3d",
        "e07a607e-14df-41f6-ae3e-1dc4b0e6c0ef",
        "117fe976-b2a1-44f3-bb19-b825c6258115",
        "e75efcfc-d8ee-4821-9d43-fbc63f509c71",
        "b44ae703-38a3-40fb-9abf-5707e4d60a4d",
        "05538bbd-905f-4f62-a841-95688aa2d921"
      ],
      "settings": {
        "padding_top": 40,
        "padding_bottom": 40,
        "heading_text": "F.A.Q.",
        "paragraph_text": "<p>They appreciate cut and details, things that aren't so obvious.<\/p>"
      }
    },
    "4fd62ae7-5e2b-4e88-927d-14902fc9ee46": {
      "type": "scrolling-section",
      "blocks": {
        "c55995e0-0dba-4deb-b0cf-101627c6d978": {
          "type": "text-section",
          "settings": {
            "text": "NEW CLOTHES, NEW PASSION",
            "link": "shopify:\/\/pages\/collections",
            "outline": false
          }
        },
        "895bfe52-c650-4beb-817b-8be440f815a3": {
          "type": "text-section",
          "settings": {
            "text": "MORE THAN FASHION",
            "link": "shopify:\/\/products\/laurina-dress",
            "outline": true
          }
        },
        "1b8c609a-ae78-4a5f-86ee-4e748bc4cb1e": {
          "type": "text-section",
          "settings": {
            "text": "WEAR BETTER, LOOK BETTER",
            "link": "shopify:\/\/products\/jordan-dress",
            "outline": false
          }
        },
        "7dc20a5a-8c7c-416c-8878-b9dd00e60e80": {
          "type": "text-section",
          "settings": {
            "text": "NOT JUST FASHION, BUT DESIGN",
            "link": "shopify:\/\/collections\/tops",
            "outline": true
          }
        },
        "f9be1c56-cc44-413c-8d64-2e7bb8bacb9b": {
          "type": "text-section",
          "settings": {
            "text": "",
            "link": "",
            "outline": true
          }
        }
      },
      "block_order": [
        "c55995e0-0dba-4deb-b0cf-101627c6d978",
        "895bfe52-c650-4beb-817b-8be440f815a3",
        "1b8c609a-ae78-4a5f-86ee-4e748bc4cb1e",
        "7dc20a5a-8c7c-416c-8878-b9dd00e60e80",
        "f9be1c56-cc44-413c-8d64-2e7bb8bacb9b"
      ],
      "settings": {
        "padding_top": 40,
        "padding_bottom": 40,
        "height": "300px",
        "direction": "left",
        "text_size": 83,
        "font_style": "scrolling-text-uppercase--false",
        "bg_color": "#1b1c26",
        "text_color": "#fcf0e6",
        "overlay_color": "",
        "opacity": 0
      }
    },
    "bef4c6f9-7bd2-47b7-9c8b-6cebdd5cdf45": {
      "type": "image-richext-section",
      "settings": {
        "padding_top": 40,
        "padding_bottom": 40,
        "image_desktop": "shopify:\/\/shop_images\/img2_1920x600_crop_center_210de6ab-4301-4266-96db-7faefaf157ee.jpg",
        "image_mobile": "shopify:\/\/shop_images\/Screenshot_2023-01-15_at_3.35.12_PM.png",
        "heading_text": "CHOOSE THE OUTFIT",
        "text_color": "#ffffff",
        "paragraph_text": "<p>Pair text with an image to focus on your chosen product, collection, or blog post. Add details on availability, style, or even provide a review.<\/p><p><\/p>",
        "button_text": "SHOP NOW",
        "button_link": "shopify:\/\/collections\/bottoms",
        "button_text_color": "#121212",
        "button_bg_color": "#ffffff",
        "text_alignment": "center",
        "text_position": "justify-center"
      }
    },
    "16737777004a8aea1f": {
      "type": "apps",
      "blocks": {
        "fbfce7da-9323-4b80-9a10-df73061eb8fb": {
          "type": "shopify:\/\/apps\/product-reviews\/blocks\/reviews\/bae150af-8da8-48b2-9867-398188115e5f",
          "settings": {
          }
        }
      },
      "block_order": [
        "fbfce7da-9323-4b80-9a10-df73061eb8fb"
      ],
      "settings": {
      }
    },
    "product-recommendations": {
      "type": "marmeto-product-recommendations",
      "settings": {
        "enable_product_recommendations": true,
        "title": "You may also like"
      }
    },
    "1673928074f51b4c72": {
      "type": "apps",
      "blocks": {
        "2a71bdda-1615-45d3-bd1e-423f8bcecb0a": {
          "type": "shopify:\/\/apps\/assortion-upsell-bundles\/blocks\/recommendation\/5588d7f9-a5bc-4f4a-9c54-39b7e081dd23",
          "settings": {
            "type": "recommendation"
          }
        }
      },
      "block_order": [
        "2a71bdda-1615-45d3-bd1e-423f8bcecb0a"
      ],
      "settings": {
      }
    }
  },
  "order": [
    "main",
    "product-upsell",
    "5b6bef06-57cf-4acc-afd1-f8303f9bd2d3",
    "49a3a530-8e2a-459a-9a53-2b386e4f3732",
    "d4e2f5bb-63d8-44eb-93a2-e1a7ff0ddd47",
    "6ddf5a19-7beb-4663-9194-d6df9e94d6d7",
    "4fd62ae7-5e2b-4e88-927d-14902fc9ee46",
    "bef4c6f9-7bd2-47b7-9c8b-6cebdd5cdf45",
    "16737777004a8aea1f",
    "product-recommendations",
    "1673928074f51b4c72"
  ]
}
